{
    "batch_size": 128,
    "best_eval_metric": 0.2744391858577728,
    "best_increase_batch_size_eval_metric": Infinity,
    "best_reduce_learning_rate_eval_metric": Infinity,
    "epoch": 4,
    "last_improvement": 2,
    "last_improvement_epoch": 2,
    "last_increase_batch_size": 0,
    "last_increase_batch_size_epoch": 0,
    "last_increase_batch_size_eval_metric_improvement": 0,
    "last_learning_rate_reduction": 0,
    "last_learning_rate_reduction_epoch": 0,
    "last_reduce_learning_rate_eval_metric_improvement": 0,
    "learning_rate": 0.001,
    "num_increases_batch_size": 0,
    "num_reductions_learning_rate": 0,
    "steps": 880,
    "test_metrics": {
        "combined": {
            "loss": [
                0.3013860285282135,
                0.26580989360809326,
                0.3634563088417053,
                0.4565393626689911
            ]
        },
        "label": {
            "accuracy": [
                0.8736470937728882,
                0.8929020762443542,
                0.8898817300796509,
                0.8886231780052185
            ],
            "hits_at_k": [
                1.0,
                1.0,
                1.0,
                1.0
            ],
            "loss": [
                0.3013860285282135,
                0.26580989360809326,
                0.3634563088417053,
                0.4565393626689911
            ]
        }
    },
    "train_metrics": {
        "combined": {
            "loss": [
                0.2152518481016159,
                0.06270407885313034,
                0.00918559730052948,
                0.0056644342839717865
            ]
        },
        "label": {
            "accuracy": [
                0.9156888127326965,
                0.9861318469047546,
                0.9981508851051331,
                0.998506486415863
            ],
            "hits_at_k": [
                1.0,
                1.0,
                1.0,
                1.0
            ],
            "loss": [
                0.2152518481016159,
                0.06270407885313034,
                0.00918559730052948,
                0.0056644342839717865
            ]
        }
    },
    "vali_metrics": {
        "combined": {
            "loss": [
                0.3167109787464142,
                0.2744391858577728,
                0.36667731404304504,
                0.47089600563049316
            ]
        },
        "label": {
            "accuracy": [
                0.8613936901092529,
                0.8865717053413391,
                0.8842828273773193,
                0.8845371603965759
            ],
            "hits_at_k": [
                1.0,
                1.0,
                1.0,
                1.0
            ],
            "loss": [
                0.3167109787464142,
                0.2744391858577728,
                0.36667731404304504,
                0.47089600563049316
            ]
        }
    }
}